N,P,K,Class1 
919.8,13.6,332.69,High
693,13.6,509.07,Very Low
617.4,13.16,829.29,Very High
667.8,13.6,734.37,Very High
7.56,13.38,318.96,Moderate
756,13.38,318.96,High
894.6,13.38,268.26,High
932.4,13.16,1058.27,Very High
667.8,13.6,857.6,Very High
781.2,13.16,854.43,Very High
1071,8.11,310.51,High
1260,9.43,340.08,High
1008,10.09,1322.31,Very High
441,10.31,562.93,Very High
504,10.96,740.37,Very High
1045.8,9.43,974.84,Very High
491.4,5.26,343.25,Very Low
567,3.73,358.04,Very Low
567,3.73,358.04,Very Low
529.2,7.68,907.24,Very High
604.8,5.48,410.85,Very Low
693,4.82,332.69,Very Low
365.4,6.36,430.91,Very High
352.8,5.92,763.6,Low
239.4,6.8,221.79,Very High
441,5.92,678.05,Very High
617.4,9.21,427.74,Very Low
655.2,6.14,276.71,High
882,7.46,857.6,Very High
592.2,6.14,717.13,Very High
226.8,6.14,433.03,Low
100.8,6.8,625.25,Moderate
390.6,4.39,416.13,Very High
604.8,5.04,758.32,Very High
491.4,6.14,1174.45,Low
340.2,7.02,537.59,Very High
730.8,4.82,735.09,Very High
579.6,3.84,248.2,High
781.2,8.99,756.21,Very High
693,9.43,471.05,Very Low
516.6,8.33,604.12,Very High
340.2,6.14,963.22,Low
100.8,5.7,277.77,Low
567,7.02,569.27,Very High
529.2,4.61,393.95,Very Low
693,7.68,361.21,Very Low
478.8,5.92,436.19,Very High
453.6,6.8,730.86,Very High
617.4,7.24,530.19,Very Low
529.2,6.36,1105.8,Low
793.8,6.36,735.09,Very High
768.6,5.26,541.81,Very Low
756,10.75,495.34,Very Low
466.2,8.33,717.13,Very High
415.8,8.77,1065.67,Low
529.2,6.36,1105.8,Low
100.8,7.02,583,Moderate
567,7.68,436.19,Very Low
478.8,6.8,734.03,Very High
730.8,5.92,573.49,Very Low
655.2,5.04,240.8,High
642.6,5.92,501.68,Very Low
604.8,5.26,644.26,Very High
567,3.73,541.81,Very High
642.6,6.58,1076.23,Very High
630,6.8,618.91,Very High
478.8,7.46,548.15,Very High
957.6,8.99,379.16,High
730.8,9.21,403.45,Very Low
970.2,8.55,305.23,High
743.4,8.77,385.5,Very Low
957.6,9.21,635.81,Very Low
869.4,8.99,199.61,High
1222.2,8.33,213.34,High
1134,8.55,209.12,High
1499.4,8.11,216.51,High
957.6,8.99,379.16,High
1108.8,7.02,273.55,High
1159.2,7.89,414.01,High
907.2,8.55,481.61,Very Low
1121.4,8.11,509.07,High
1146.6,7.89,537.59,Very Low
1008,8.99,635.81,Very Low
869.4,9.43,379.16,High
1234.8,8.55,403.45,High
1222.2,8.33,326.35,High
1398.6,8.55,642.15,High
1146.6,7.68,519.63,High
1033.2,8.33,537.59,Very Low
1121.4,8.55,646.37,Very Low
919.8,8.11,326.35,High
1020.6,6.58,478.44,Very Low
1134,8.11,379.16,High
1398.6,8.55,430.91,High
1272.6,7.89,318.96,High
1373.4,6.58,210.18,High
1146.6,8.11,273.55,High
1285.2,8.33,520.69,High
1083.6,8.55,322.13,High
907.2,7.89,508.01,Very Low
945,8.55,371.77,High
894.6,8.99,326.35,High
831.6,8.77,271.43,High
1008,8.11,223.91,High
743.4,7.68,210.18,High
667.8,8.11,216.51,High
743.4,8.33,410.85,Very Low
1171.8,6.58,306.29,High
1335.6,12.72,642.15,Very Low
1197,7.24,552.37,Very Low
1121.4,9.21,215.46,High
1171.8,9.21,850.21,Very Low
13.1,7.02,815.36,Moderate
1058.4,6.8,435.14,High
1159.2,7.02,642.15,Very Low
1033.2,8.99,371.77,High
1134,8.11,553.43,Very Low
1108.8,7.68,536.53,Very Low
1071,7.46,445.7,High
932.4,6.8,380.22,High
781.2,6.8,740.37,Very High
667.8,6.58,1058.27,Very High
995.4,6.58,939.98,Very High
756,7.02,276.71,High
705.6,10.53,422.46,Very Low
693,8.77,801.63,Very High
1423.8,7.68,252.42,High
667.8,7.24,949.49,Very High
1486.8,6.58,529.14,High
781.2,5.92,368.6,Very Low
743.4,6.58,316.85,High
630,6.14,396.06,Very Low
592.2,6.8,423.52,Very Low
1247.4,7.89,223.91,High
1159.2,8.11,393.95,High
554.4,746,612.57,Very High
642.6,11.84,306.29,Very Low
604.8,11.4,749.87,Very High
768.6,6.8,549.2,Very Low
995.4,8.11,391.84,High
1184.4,6.8,332.69,High
705.6,6.58,484.78,Very Low
1008,7.02,346.42,High
403.2,7.89,570.33,Very High
340.2,7.46,648.48,Low
945,6.14,572.44,Very Low
869.4,6.8,392.89,High
1008,7.89,306.29,High
214.2,8.33,373.88,Low
151.2,7.46,433.03,Low
365.4,6.8,576.66,Very High
516.6,7.68,538.64,Very High
264.6,8.55,635.81,Low
907.2,11.4,761.49,Very Low
579.6,10.96,709.74,Very High
919.8,6.8,411.9,High
642.6,7.89,647.43,Very High
693,7.89,520.69,Very Low
768.6,8.11,396.06,Very Low
554.4,8.11,572.44,Very High
466.2,11.62,731.92,Very High
1335.6,10.53,751.99,Very Low
504,6.8,815.36,Very High
756,9.21,380.22,Very Low
1398.6,10.53,445.7,High
617.4,8.55,532.3,Very Low
882,6.8,2220.05,Low
516.6,7.24,553.43,Very High
604.8,16.89,428.8,Very Low
592.2,8.55,371.77,Very Low
365.4,8.33,405.57,Very High
428.4,7.08,1124.81,Low
516.6,7.04,952.66,Low
478.8,9.43,438.31,Very High
680.4,8.99,370.71,Very Low
302.4,10.96,390.78,Very High
277.2,8.33,403.45,Very High
352.8,4.82,296.78,Very Low
365.4,4.82,174.27,Very Low
919.8,7.89,761.49,Very Low
567,8.33,422.46,Very Low
541.8,8.55,801.63,Very High
504,8.77,847.04,Very High
554.4,1053,939.98,Very High
642.6,9.87,315.79,Very Low
667.8,7.46,529.14,Very Low
882,7.02,296.78,High
1083.6,6.8,368.6,High
1008,8.77,897.74,Very Low
1096.2,8.77,274.6,High
1033.2,8.55,466.82,High
1008,8.99,529.14,Very Low
1197,9.21,670.66,Very Low
1222.2,7.24,316.85,High
1008,8.99,529.14,Very Low
1209.6,7.02,393.95,High
1159.2,6.8,648.48,Very Low
1071,6.36,572.44,Very Low
1033.2,6.14,392.89,High
1108.8,7.02,373.88,High
1247.4,6.8,433.03,High
1310.4,9.21,576.66,High
1171.8,6.58,538.64,High
1008,9.43,635.81,Very Low
1008.8,9.43,635.81,Very Low
919.8,7.89,761.49,Very Low
970.2,7.02,709.74,Very Low
1272.6,1053,380.22,High
1398.6,12.06,445.7,High
1234.8,10.96,532.3,High
1184.4,9.65,223.91,High
1108.8,14.91,553.43,Very Low
1285.2,7.24,428.8,High
1222.2,10.53,371.77,High
1335.6,12.72,642.15,Very Low
420,4.78,358.4,Very Low
420,4.78,358.4,Very Low
581,3.29,313.6,Very Low
5.81,3.29,313.6,Moderate
686,6.27,286.72,High
420,8.36,349.44,Very Low
210,8.96,394.24,Low
476,8.96,385.28,Very Low
420,4.78,538.4,Very High
819,9.21,356.98,High
1398.6,8.99,371.77,High
1184.4,8.99,644.26,Very Low
1234.8,8.99,634.75,Very Low
1058.4,8.99,245.03,High
1260,8.99,517.52,High
1071,8.99,312.62,High
1159.2,8.99,164.76,High
1260,8.99,322.13,High
932.4,8.99,519.63,Very Low
957.6,8.99,499.56,Very Low
428.4,12.06,1432.15,Low
226.8,6.36,1065.67,Low
226.8,6.36,1065.67,Low
226.8,11.18,1237.82,Moderate
378,5.48,1111.08,Low
378,12.5,1304.36,Low
378,5.26,1151.21,Low
352.8,5.92,939.98,Low
214.2,4.17,1185.01,Moderate
239.4,5.7,942.09,Low
239.4,5.7,942.09,Low
504,6.36,755.15,Very High
453.6,8.77,276.71,Very Low
378,11.18,168.99,High
239.4,6.8,984.34,Low
352.8,6.8,1181.84,Low
428.4,5.04,1460.67,Low
428.4,943,1610.64,Low
378,8.33,1279.01,Low
352.8,6.14,1065.67,Low
176.4,5.92,640.03,Low
201.6,8.99,699.18,Low
453.6,12.06,842.82,Low
592.2,13.82,909.35,Very High
567,6.58,536.53,Very High
504,3.29,644.26,Very High
478.8,19.74,778.39,Very High
365.4,19.74,694.95,Low
360,2.41,751.99,Low
806.4,18.64,854.43,Very High
252,241,220.74,Very Low
453.6,3.29,195.39,High
806.4,8.33,200.67,High
982.8,8.33,200.67,High
806.4,8.33,200.67,High
995.4,8.33,519.68,Very Low
1108.8,8.33,798.46,Very Low
756,8.33,848.1,Very High
869.4,8.33,443.59,Very Low
856.8,8.33,443.59,Very Low
756,8.33,729.81,Very High
781.2,8.33,421.41,Very Low
869,8.55,2418.61,Low
982,8.55,1280.07,Very High
869.4,8.55,963.22,Very High
680.4,8.55,1701.47,Low
869.4,8.55,758.32,Very Low
995.4,6.58,231.3,High
793.8,7.02,638.98,Very Low
743.4,7.02,336.92,High
869.4,7.02,646.37,Very Low
1058.4,7.02,687.56,Very Low
1058.4,7.02,687.56,Very Low
982.8,8.55,635.81,Very Low
525,6.87,277.76,Very Low
4.76,6.87,385.28,Moderate
239.4,9.43,728.75,Low
201.6,16.45,729.81,Low
226.8,8.99,1270.56,Moderate
529.2,10.96,798.46,Very High
415.8,6.14,200.67,Very Low
239.4,6.58,217.57,Very High
415.8,6.14,200.67,Very Low
277.2,8.33,649.54,Low
302.4,10.09,785.78,Low
239.4,5.7,941.04,Low
226.8,6.36,1058.27,Low
277.2,3.73,618.91,Low
403.2,8.99,952.66,Low
289.8,4.82,126.74,High
201.6,6.14,266.15,Very High
390.6,3.51,308.4,Very Low
1197,6.36,372.82,High
1197,6.36,372.82,High
239.4,6.36,371.77,Very High
541.8,6.36,356.98,Very Low
403.2,4.61,371.77,Very High
352.8,6.8,644.26,Low
214.2,5.92,229.19,Very High
579.6,5.04,305.23,Very Low
541.8,5.26,289.39,Very Low
478.8,6.8,163.7,High
491.4,5.04,665.38,Very High
352.8,6.8,536.53,Very High
541.8,0.21,634.75,Very High
214.2,5.26,517.52,Low
579.6,5.26,972.72,Very High
214.2,5.92,655.88,Low
579.6,6.58,581.94,Very High
315,16.01,317.9,Very High
315,16.01,317.9,Very High
856.8,8.33,332.69,High
869.4,8.11,527.02,Very Low
859.2,8.11,503.02,Very Low
869.4,8.55,421.41,Very Low
957.6,8.11,425.63,High
844.2,7.68,199.61,High
945,8.55,219.68,High
869.4,8.11,267.21,High
529.2,8.55,379.16,Very Low
617.4,7.89,202.78,High
705.6,8.11,273.55,High
642.6,8.55,335.86,Very Low
579.6,8.99,272.49,Very Low
642.6,8.55,335.86,Very Low
705.6,8.77,422.46,Very Low
655.2,9.21,537.59,Very Low
756,10.96,758.32,Very High
705.6,8.77,422.46,Very Low
869.4,8.55,220.74,High
1121.4,8.11,202.78,High
957.6,8.33,314.74,High
1121.4,6.58,422.46,High
1222.2,8.99,484.78,High
793.8,9.21,329.52,High
844.2,8.99,378.11,High
1083.6,8.55,442.53,High
781.2,8.77,424.58,Very Low
705.6,8.99,347.48,Very Low
844.2,9.21,318.96,High
781.2,8.99,178.49,High
655.2,8.55,216.51,High
856.8,7.89,614.69,Very Low
970.2,8.33,520.69,Very Low
1260,8.11,410.85,High
1411.2,8.33,329.52,High
869.4,6.58,220.74,High
1096.2,8.55,272.49,High
642.6,8.11,202.78,High
831.6,6.8,326.35,High
768.6,8.55,197.5,High
1134,8.33,219.68,High
1486.8,6.58,634.75,High
1272.6,8.99,209.12,High
1486.8,6.58,634.75,High
768.6,8.55,197.5,High
869.4,6.58,220.74,High
403.2,8.99,952.66,Low
289.8,4.82,126.74,High
693,2.41,852.32,Very High
201.6,6.14,266.15,Very High
390.6,3.51,308.4,Very Low
352.8,9.21,533.36,Very High
415.8,6.8,366.49,Very Low
201.6,16.45,729.81,Low
239.4,6.58,217.57,Very High
289.8,8.11,1298.02,Low
302.4,19.3,270.38,Very High
541.8,8.33,1161.78,Low
567,8.33,952.66,Very High
730.8,8.33,759.38,Very High
806.4,7.68,498.51,Very Low
1310.4,7.02,322.13,High
1260,7.68,310.51,High
1184.4,7.89,340.08,High
1398.6,7.89,1322.31,Very High
1096.2,8.33,562.93,Very Low
1260,8.33,740.37,Very Low
1033.2,6.8,974.84,Very High
945,7.02,939.98,Very High
756,8.33,709.74,Very High
756,8.33,709.74,Very High
1008,7.89,508.01,Very Low
932.4,7.89,477.38,Very Low
642.6,8.11,529.14,Very Low
1272.6,8.33,857.6,Very Low
1310.6,8.33,834.37,Very Low
1272.6,8.33,857.6,Very Low
189,5.04,554.48,Low
226.8,6.14,430.91,Low
718.2,6.8,372.82,Very Low
151.2,4.17,628.42,Low
529.2,5.92,301.01,Very Low
516.6,13.38,326.35,Very Low
189,7.02,269.32,Very High
718.2,5.26,508.01,Very Low
352.8,4.61,858.66,Low
340.2,9.43,480.55,Very High
226.8,4.82,550.26,Low
264.6,7.46,332.69,Very High
176.4,8.99,537.59,Low
100.8,5.92,458.37,Low
302.4,10.75,380.22,Very High
252,5.48,439.36,Low
252,6.14,385.5,Very High
378,10.96,500.62,Very High
201.6,4.17,1085.73,Moderate
226.8,8.99,593.56,Low
302.4,4.39,1014.97,Low
453.6,8.33,508.01,Very High
617.4,8.77,642.15,Very High
554.4,9.43,299.95,Very Low
831.6,8.11,411.9,Very Low
630,8.55,435.14,Very Low
403.2,8.99,536.53,Very High
1134,8.11,356.98,High
1323,7.02,371.77,High
831.6,6.36,644.26,Very Low
844.2,7.46,245.03,High
756,8.55,634.75,Very Low
642.6,8.33,517.52,Very Low
1524.6,7.89,312.62,High
995.4,7.02,164.76,High
1386,6.58,660.1,Very Low
756,7.46,581.94,Very Low
1247.4,6.58,500.62,High
642.6,8.33,424.58,Very Low
1033.2,8.55,411.9,High
1247.4,8.33,1374.06,Very High
642.6,8.55,952.66,Very High
894.6,7.89,859.71,Very High
1512,8.11,517.52,High
1411.2,7.68,1162.83,Very Low
592.2,6.14,717.13,Very High
226.8,6.14,433.03,Low
882,7.46,857.6,Very High
100.8,6.8,625.25,Moderate
390.6,4.39,416.13,Very High
1197,7.89,572.44,Very Low
1134,6.8,710.8,Very Low
1134,6.8,710.8,Very Low
793.8,7.46,749.87,Very High
1247.4,8.77,512.24,High
1083.6,7.68,396.06,High
705.6,7.68,1161.78,Very High
529.2,8.33,952.66,Low
617.4,7.89,759.38,Very High
1121.4,7.02,498.51,High
1159.2,7.89,322.13,High
1071,8.11,310.51,High
1260,9.43,340.08,High
1008,10.09,1322.31,Very High
1045.8,9.43,974.84,Very High
491.4,5.26,343.25,Very Low
378,4.61,644.26,Very High
567,3.73,358.04,Very Low
529.2,7.68,907.24,Very High
604.8,5.48,410.85,Very Low
352.8,5.92,763.6,Low
441,5.92,678.05,Very High
617.4,9.21,427.74,Very Low
604.8,5.04,758.32,Very High
491.4,6.14,1174.45,Low
340.2,7.02,537.59,Very High
579.6,3.84,248.2,High
781.2,8.99,756.21,Very High
100.8,5.7,277.77,Low
768.6,5.26,541.81,Very Low
529.2,6.36,1105.8,Low
478.8,6.8,734.03,Very High
390.6,5.7,434.08,Very High
214.2,6.58,178.49,Very Low
529.2,8.33,422.46,Very Low
642.6,10.96,730.86,Very High
415.8,8.55,364.38,Very Low
277.2,6.8,177.43,Very Low
302.4,4.61,322.13,Very High
239.4,6.14,633.7,Low
226.8,7.02,509.07,Low
201.6,4.39,817.47,Low
239.4,7.46,387.61,Very High
289.8,6.8,445.7,Very High
302.4,6.14,532.3,Low
189,5.04,554.48,Low
226.8,6.14,430.91,Low
415.8,8.55,364.38,Very Low
735,11.65,770.6,Very High
472.5,13.44,869.1,Low
420,14.93,869.1,Low
577.5,11.65,788.5,Very High
472.5,14.4,905,Low
682.5,13.14,869.1,Very High
577.5,13.74,887,Very High
315,14.03,860.16,Low
367.5,14.06,887.04,Low
420,14.93,922.9,Low
420,13.14,734.7,Low
420,13.14,833.3,Low
735,10.15,645.1,Very Low
630,11.65,815.4,Very High
420,15.83,958.7,Low
682.5,11.35,681,Very High
577.5,11.95,698.9,Very High
525,12.25,806.4,Very High
472.5,14.93,931.8,Low
577.5,14.03,904.96,Very High
682.5,12.24,788.48,Very High
472.5,12.54,716.8,Very High
682.5,13.14,878.1,Very High
735,12.54,860.2,Very High
577.5,13.14,815.4,Very High
472.5,14.04,842.32,Low
315,14.63,905,Low
262.5,14.93,887,Low
577.5,12.84,851.2,Very High
504,3.29,644.26,Very High
478.8,19.74,778.39,Very High
365.4,19.74,694.94,Low
350,2.41,751.99,Low
806.4,18.64,854.43,Very High
1310.4,7.02,1374.06,Very High
1360.8,6.8,952.66,Very Low
1197.6,8.77,517.52,High
1142.6,8.77,517.52,High
1058.4,9.43,1162.83,Very High
882,10.53,710.8,Very Low
945,10.53,710.8,Very Low
680.4,9.87,749.87,Very High
1083.6,12.72,834.37,Very Low
1033.2,8.11,512.24,Very Low
1108.8,8.33,392.89,High
1146.6,8.55,1161.78,Very High
1310.4,8.55,952.66,Very Low
1272.6,7.68,759.38,Very Low
1222.2,6.36,498.51,High
1209.6,6.36,322.13,High
1134,8.33,310.51,High
1071,9.21,340.08,High
1008,12.28,1322.31,Very High
932.4,10.96,562.93,Very Low
680.4,8.55,740.37,Very High
856.8,9.43,974.84,Very High
781.2,6.58,974.84,Very High
819,9.21,939.98,Very High
577.5,14.04,716.8,Very High
472.5,14.63,734.7,Very High
420,13.44,698.9,Very High
525,15.23,752.6,Very High
367.5,12.25,663,Low
577.5,13.74,725.8,Very High
367.5,15.53,779.5,Low
262.5,12.25,681,Low
472.5,14.63,752.6,Very High
315,12.84,698.9,Low
420,12.54,609.28,Very High
210,13.14,627.2,Low
157.5,11.95,591.4,Low
262.5,13.74,645.1,Low
105,10.75,555.5,Moderate
315,13.14,689.9,Low
525,14.93,743.7,Very High
420,11.65,645.1,Very High
630,14.04,716.8,Very High
525,17.92,994.6,Low
262.5,14.34,707.8,Low
210,13.14,672,Low
315,14.93,725.76,Low
157.5,11.95,636.2,Low
367.5,16.13,931.8,Low
367.5,17.92,985.6,Low
262.5,14.63,887,Low
472.5,17.02,958.7,Low
315,15.23,905,Low
420,16.73,958.07,Low
157.5,17.32,976.6,Moderate
105,16.13,940.8,Moderate
210,17.92,994.6,Low
52.5,14.93,904.96,Moderate
262.5,15.23,887.04,Low
630,17.02,940.8,Very High
525,13.74,842.2,Very High
735,16.13,913.9,Very High
577.5,14.34,860.2,Very High
315,15.53,860.2,Low
472.5,12.25,663,Very High
420,17.32,913.9,Low
262.5,14.34,824.3,Low
472.5,14.63,806.4,Very High
420,16.43,860.2,Low
315,13.14,761.6,Low
525,15.53,833.3,Very High
367.5,13.74,779.5,Low
472.5,15.82,896,Low
472.5,16.42,913.92,Low
420,15.23,878.1,Low
525,17.02,931.8,Low
367.5,14.04,842.2,Low
577.5,17.62,1048,Low
525,19.41,1102,Low
567,3.95,149.97,High
718.2,6.8,372.82,Very Low
151.2,4.17,628.42,Low
529.2,5.92,301.01,Very Low
516.6,13.38,326.35,Very Low
189,7.02,269.32,Very High
718.2,5.26,508.01,Very Low
302.4,4.39,1014.97,Low
340.2,9.43,480.55,Very High
226.8,4.82,550.26,Low
176.4,8.99,537.59,Low
100.8,5.92,458.37,Low
302.4,10.75,380.22,Very High
252,5.48,439.36,Low
252,6.14,385.5,Very High
378,1096,500.62,Very High
201.6,417,1085.73,Moderate
453.6,8.33,508.01,Very High
252,9.65,717.13,Low
226.8,6.36,1065.67,Low
378,5.48,1111.08,Low
378,12.5,1304.36,Low
378,5.26,1151.21,Low
352.8,5.92,939.98,Low
252,10.75,813.24,Low
239.4,5.7,942.09,Low
504,6.36,755.15,Very High
453.6,8.77,276.71,Very Low
378,11.18,168.99,High
239.4,6.8,984.34,Low
352.8,6.8,1181.84,Low
428.4,5.04,1460.67,Low
428.4,9.43,1610.64,Low
378,8.33,1279.01,Low
352.8,6.14,1065.67,Low
176.4,5.92,640.03,Low
201.6,8.99,540.75,Low
378,6.8,838.59,Low
352.8,8.33,1003.35,Low
378,6.14,645.31,Very High
352.8,6.8,836.48,Low
214.2,4.17,941.04,Low
239.4,7.68,1003.35,Low
504,4.82,367.54,Very Low
453.6,6.14,1280.07,Low
378,6.36,1585.3,Low
239.4,7.89,492.17,Low
453.6,4.61,286.22,Very Low
126,6.14,431.97,Low
201.6,8.55,317.9,Very High
100.8,8.33,570.33,Moderate
289.8,9.87,1185.01,Low
63,4.82,605.18,Moderate
226.8,7.02,1382.51,Moderate
239.4,6.58,219.68,Very High
201.6,8.99,698.12,Low
428.4,12.06,835.42,Low
289.8,6.14,1280.07,Low
365.4,4.82,160.54,High
516.6,8.99,653.76,Very High
289.8,5.48,128.85,High
516.6,10.96,805.85,Very High
630,6.58,570.33,Very High
604.8,6.14,644.26,Very High
541.8,5.7,660.1,Very High
478.8,4.61,949.49,Low
529.2,6.8,1269.5,Low
415.8,6.14,200.67,Very Low
415.8,6.14,200.67,Very Low
277.2,8.33,649.54,Low
441,6.14,1468.06,Low
252,9.65,717.13,Low
226.8,6.36,1065.67,Low
226.8,11.18,1237.82,Moderate
1184.4,8.99,297.84,High
844.2,6.8,189.05,High
1323,4.17,301.01,High
516.6,8.33,173.21,High
365.4,5.26,228.13,Very Low
289.8,7.68,238.69,Very Low
428.4,5.92,203.84,Very Low
541.8,9.21,634.75,Very High
239.4,19.08,223.91,Very High
226.8,20.18,151.03,Very Low
63,15.35,197.5,Low
100.8,4.39,180.6,Low
201.6,5.04,205.95,Very High
126,6.36,219.68,Low
453.6,13.16,223.91,Very Low
138.6,16.23,247.14,Low
88.2,2.63,243.97,Low
504,3.73,218.63,High
478.8,13.6,630.53,Very High
327.6,16.89,758.32,Low
428.4,2.63,988.57,Low
869.4,11.84,1093.13,Very High
453.6,12.06,842.82,Low
592.2,13.82,909.35,Very High
567,6.58,536.53,Very High
504,3.29,644.26,Very High
478.8,19.74,778.39,Very High
365.4,19.74,694.95,Low
806.4,18.64,854.43,Very High
252,2.41,220.74,Very Low
453.6,3.29,195.39,High
466.2,15.57,961.11,Low
693,2.41,852.32,Very High
604.8,12.94,794.23,Very High
642.6,19.96,212.29,High
541.8,2.63,427.74,Very Low
831.6,3.95,672.77,Very Low
806.4,2.41,836.48,Very High
768.6,19.74,961.11,Very High
315,2.41,135.19,High
390.6,9.65,250.31,Very Low
504,3.51,132.02,High
428.4,3.29,211.23,Very Low
352.8,2.63,219.68,Very Low
516.6,12.72,191.16,High
1222.2,3.95,136.24,High
680.4,2.85,168.99,High
592.2,19.74,183.77,High
844.2,2.63,168.99,High
453.6,2.63,216.51,Very Low
478.8,3.07,177.43,High
315,2.41,136.24,High
453.6,3.73,255.59,Very Low
441,3.07,281.99,Very Low
415.8,3.95,117.23,High
516.6,7.68,114.07,High
403.2,6.36,146.81,High
466.2,9.65,129.91,High
491.4,7.02,157.37,High
504,6.8,155.26,High
491.4,5.26,125.68,High
667.8,4.17,153.14,High
882,4.61,121.46,High
352.8,3.73,147.86,High
466.2,8.77,139.41,High
441,6.8,127.8,High
529.2,3.95,139.41,High
478.8,7.02,110.9,High
541.8,6.14,123.57,High
214.2,5.26,517.52,Low
630,4.61,139.41,High
315,3.95,195.39,Very Low
705.6,4.82,86.61,High
327.6,6.8,130.96,High
579.6,5.26,972.72,Very High
176.4,6.14,138.36,Very Low
1323,4.17,301.01,High
1663.2,5.92,231.3,High
781.2,6.8,343.25,High
1663.2,6.14,92.94,High
1801.8,7.02,352.76,High
1272.6,9.21,333.75,High
592.2,6.8,641.09,Very High
1638,7.24,166.87,High
1814.4,7.24,229.19,High
655.2,6.58,192.22,High
1285.2,5.04,183.77,High
516.6,4.17,189.05,High
781.2,5.92,406.62,Very Low
415.8,6.14,173.21,High
529.2,9.43,509.07,Very High
907.2,9.43,190.11,High
8844.2,4.61,153.14,High
630,4.17,184.83,High
567,6.58,105.62,High
403.2,5.26,326.35,Very Low
844.2,6.8,189.05,High
567,6.58,105.62,High
390.6,5.04,424.58,Very High
680.4,6.36,166.87,High
1197,6.36,372.82,High
126,6.36,440.42,Low
541.8,5.04,126.74,High
239.4,6.36,371.77,Very High
541.8,6.36,356.98,Very Low
403.2,4.61,371.77,Very High
352.8,6.8,644.26,Low
214.2,5.92,229.19,Very High
617.4,4.82,127.8,High
567,3.95,149.97,High
579.6,4.61,182.72,High
579.6,5.04,305.23,Very Low
541.8,5.26,289.39,Very Low
478.8,6.8,163.7,High
491.4,5.04,665.38,Very High
352.8,6.8,536.53,Very High
579.6,4.61,182.72,High
541.8,9.21,634.75,Very High
541.8,6.58,108.78,High
214.2,5.26,517.52,Low
579.6,5.26,972.72,Very High
516.6,5.48,103.5,High
214.2,5.92,655.88,Low
579.6,6.58,581.94,Very High
541.8,6.58,108.78,High
315,16.01,317.9,Very High
441,7.46,396.06,Very High
1398.6,7.89,128.85,High
579.6,6.58,1049.82,Low
1310.4,5.7,349.59,High
592.2,8.99,860.77,Very High
214.2,5.92,655.88,Low
226.8,7.68,741.42,Low
1146.6,5.26,407.68,High
75.6,5.48,562.93,Moderate
239.4,5.48,529.14,Low
1386,3.95,405.57,High
579.6,6.58,581.94,Very High
226.8,7.02,512.24,Low
655.2,5.48,370.71,Very Low
390.6,6.14,1161.78,Low
415.8,7.24,1622.26,Low
1323,4.17,301.01,High
1623.2,5.92,231.3,High
365.4,10.09,1141.71,Low
781.2,6.8,343.25,High
1623.2,6.14,92.94,High
226.8,7.89,974.84,Low
403.2,5.48,1289.57,Low
226.8,7.46,536.53,Low
1801.8,7.02,352.76,High
113.4,13.82,755.15,Moderate
403.2,8.99,852.66,Low
226.8,8.33,951.6,Low
289.8,4.82,126.74,High
201.6,6.14,266.15,Very High
201.6,6.14,266.15,Very High
529.2,6.8,974.84,Low
352.8,9.21,533.36,Very High
415.8,6.8,366.49,Very Low
201.6,16.45,729.81,Low
239.4,6.58,217.57,Very High
289.8,8.11,1298.02,Low
302.4,19.3,270.38,Very High
277.2,6.8,840.7,Low
189,8.99,2196.81,Moderate
415.8,9.21,865,Low
226.8,6.14,1163.89,Moderate
718.2,10.96,1879.96,Low
151.2,7.02,1467.01,Moderate
529.2,4.17,223.91,High
592.2,6.8,641.09,Very High
516.6,3.95,1081.51,Low
214.2,7.02,1012.86,Low
226.8,8.33,951.6,Low
277.2,7.68,748.82,Low
529.2,6.8,974.84,Low
302.4,8.33,646.37,Low
415.8,9.21,865,Low
239.4,6.8,627.36,Low
277.2,7.68,748.82,Low
226.8,7.68,730.86,Low
302.4,8.33,646.37,Low
239.4,6.8,627.36,Low
289.8,10.96,635.81,Low
226.8,7.68,730.86,Low
289.8,11.4,793.18,Low
289.8,10.96,635.81,Low
289.8,11.4,793.18,Low
340.2,8.77,943.15,Low
340.2,8.77,943.15,Low
327.6,7.02,213.34,Very Low
327.6,7.02,213.34,Very Low
201.6,8.33,444.64,Low
277.2,6.8,316.85,Very High
239.4,11.4,308.4,Very High
163.8,9.21,297.84,Low
302.4,7.68,635.81,Low
352.8,8.99,542.87,Very High
340.2,5.7,166.87,Very Low
201.6,8.33,444.64,Low
226.8,6.58,1363.5,Moderate
277.2,6.8,316.85,Very High
264.6,6.14,1061.44,Low
239.4,11.4,308.4,Very High
176.4,9.43,892.46,Moderate
100.8,7.02,1174.45,Moderate
315,16.01,317.9,Very High
529.2,5.92,325.3,Very Low
302.4,7.68,635.81,Low
390.6,5.7,434.08,Very High
352.8,8.99,542.87,Very High
340.2,5.7,166.87,Very Low
226.8,6.58,1363.5,Moderate
264.6,6.14,1061.44,Low
214.2,6.58,178.49,Very Low
529.2,8.33,422.46,Very Low
176.4,9.43,892.46,Moderate
642.6,1096,730.86,Very High
100.8,7.02,1174.45,Moderate
441,7.46,396.06,Very High
415.8,8.55,364.38,Very Low
277.2,6.8,177.43,Very Low
302.4,4.61,322.13,Very High
239.4,6.14,633.7,Low
491.4,5.04,665.38,Very High
352.8,6.8,536.53,Very High
252,10.75,813.24,Low
214.2,4.17,1185.01,Moderate
239.4,5.7,942.09,Low
504,6.36,755.15,Very High
453.6,8.77,276.71,Very Low
378,11.18,168.99,High
239.4,6.8,984.34,Low
352.8,6.8,1181.84,Low
428.4,5.04,1460.67,Low
428.4,9.43,1610.64,Low
378,8.33,1279.01,Low
352.8,6.14,1065.67,Low
579.6,6.58,1049.82,Low
201.6,8.99,699.18,Low
201.6,8.99,540.75,Low
378,6.8,838.59,Low
352.8,8.33,1003.35,Low
378,6.14,645.31,Very High
352.8,6.8,836.48,Low
529.2,5.92,325.3,Very Low
252,3.95,715.02,Low
390.6,5.7,434.08,Very High
214.2,4.17,941.04,Low
214.2,6.58,178.49,Very Low
529.2,8.33,422.46,Very Low
239.4,7.68,1003.35,Low
642.6,10.96,730.86,Very High
504,4.82,367.54,Very Low
415.8,8.55,364.38,Very Low
453.6,6.14,1280.07,Low
277.2,6.8,177.43,Very Low
302.4,4.61,322.13,Very High
378,6.36,1585.3,Low
239.4,6.14,633.7,Low
239.4,7.89,492.17,Low
226.8,7.02,509.07,Low
453.6,4.61,286.22,Very Low
201.6,4.39,817.47,Low
592.2,8.99,860.77,Very High
239.4,7.46,387.61,Very High
126,6.14,431.97,Low
226.8,7.68,741.42,Low
201.6,8.55,317.9,Very High
302.4,6.14,532.3,Low
277.2,7.24,2233.78,Moderate
100.8,8.33,570.33,Moderate
189,5.04,554.48,Low
289.8,9.87,1185.01,Low
252,6.14,385.5,Very High
63,4.82,605.18,Moderate
718.2,6.8,372.82,Very Low
151.2,4.17,628.42,Low
226.8,7.02,1382.51,Moderate
529.2,5.92,301.01,Very Low
239.4,6.58,219.68,Very High
516.6,13.38,326.35,Very Low
189,7.02,269.32,Very High
201.6,8.99,698.12,Low
718.2,5.26,508.01,Very Low
428.4,12.06,835.42,Low
75.6,5.48,562.93,Moderate
352.8,4.61,858.66,Low
340.2,9.43,480.55,Very High
226.8,4.82,550.26,Low
289.8,6.14,1280.07,Low
264.6,7.46,332.69,Very High
239.4,5.48,529.14,Low
100.8,5.92,458.37,Low
365.4,4.82,160.54,High
302.4,10.75,380.22,Very High
252,5.48,439.36,Low
226.8,7.02,512.24,Low
378,10.96,500.62,Very High
390.6,6.14,1161.78,Low
226.8,8.99,593.56,Low
453.6,8.33,508.01,Very High
428.4,12.06,1432.15,Low
252,9.65,717.13,Low
226.8,6.36,1065.67,Low
516.6,8.99,653.76,Very High
226.8,11.18,1237.82,Moderate
378,5.48,1111.08,Low
289.8,5.48,128.85,High
378,12.5,1304.36,Low
378,5.26,1151.21,Low
365.4,6.8,653.76,Low
516.6,10.96,805.85,Very High
352.8,5.92,939.98,Low
415.8,7.24,1622.26,Low
630,6.58,570.33,Very High
214.2,4.17,1185.01,Moderate
239.4,5.7,942.09,Low
604.8,6.14,644.26,Very High
504,6.36,755.15,Very High
541.8,5.7,660.1,Very High
453.6,8.77,276.71,Very Low
478.8,4.61,949.49,Low
378,11.18,168.99,High
239.4,6.8,984.34,Low
529.2,6.8,1269.5,Low
441,6.14,1468.06,Low
352.8,6.8,1181.84,Low
466.2,5.04,329.52,Very Low
352.8,6.8,385.5,Very High
428.4,5.04,1460.67,Low
882,8.33,505.9,Very Low
428.4,9.43,1610.64,Low
378,8.33,1279.01,Low
352.8,6.14,1065.67,Low
176.4,5.92,640.03,Low
201.6,8.99,699.18,Low
365.4,10.09,1141.71,Low
226.8,7.89,974.84,Low
378,6.8,838.59,Low
352.8,8.33,1003.35,Low
352.8,6.8,836.48,Low
667.8,8.11,294.67,High
252,3.95,715.02,Low
403.2,5.48,1289.57,Low
239.4,7.68,1003.35,Low
504,4.82,367.54,Very Low
453.6,6.14,1280.07,Low
491.4,10.31,387.61,Very Low
378,6.36,1585.3,Low
239.4,7.89,492.17,Low
226.8,7.46,536.53,Low
113.4,13.82,755.15,Moderate
504,5.26,612.57,Very High
201.6,5.04,447.81,Low
289.8,4.82,126.74,High
277.2,7.02,709.74,Low
201.6,6.14,266.15,Very High
239.4,5.7,395,Very High
390.6,3.51,308.4,Very Low
352.8,9.21,533.36,Very High
163.8,6.36,533.36,Low
302.4,7.46,749.87,Low
415.8,6.8,366.49,Very Low
352.8,7.46,1051.94,Low
302.4,6.14,769.94,Low
201.6,16.45,729.81,Low
239.4,6.58,217.57,Very High
226.8,4.82,628.42,Low
289.8,8.11,1298.02,Low
302.4,19.3,270.38,Very High
264.6,6.14,653.76,Low
453.6,6.61,286.22,Very Low
126,6.14,431.97,Low
201.6,8.55,317.9,Very High
100.3,8,570.33,Moderate
289.8,9.87,1185.01,Low
176.4,6.8,762.55,Low
63,4.82,6054,Moderate
226.8,7.02,1382.51,Moderate
100.8,9.87,903.02,Moderate
239.4,6.58,219.68,Very High
201.6,8.99,698.12,Low
277.2,6.8,840.7,Low
428.4,12.06,835.42,Low
390.6,7.02,315.79,Very Low
289.8,6.14,1280.07,Low
365.4,4.82,160.54,High
277.2,7.02,336.92,Very High
516.6,8.99,653.76,Very High
239.4,9.43,728.75,Low
289.8,5.48,128.85,High
365.4,5.8,653.76,Low
189,8.99,2196.81,Moderate
214.2,10.96,1594.8,Moderate
516.6,10.96,805.85,Very High
226.8,8.99,1270.56,Moderate
630,6.58,570.33,Very High
529.2,10.96,798.46,Very High
604.8,6.14,644.26,Very High
642.6,6.36,276.71,High
541.8,5.7,660.1,Very High
415.8,6.14,200.67,Very Low
277.2,8.33,649.54,Low
529.2,6.8,1269.5,Low
441,6.14,1468.06,Low
226.8,6.14,1163.89,Moderate
239.4,5.7,941.04,Low
441,6.14,1468.06,Low
226.8,6.36,1058.27,Low
277.2,3.73,618.91,Low
352.8,8.99,542.87,Very High
1663.2,6.14,92.94,High
340.2,5.7,166.87,Very Low
466.2,5.04,329.52,Very Low
882,8.33,505.9,Very Low
882,8.33,505.9,Very Low
491.4,10.31,387.61,Very Low
504,5.26,612.57,Very High
226.8,6.58,1363.5,Moderate
264.6,6.14,1061.44,Low
201.6,5.04,447.81,Low
176.4,9.43,892.46,Moderate
100.8,7.02,1174.45,Moderate
277.2,7.02,709.74,Low
529.2,5.92,325.3,Very Low
239.4,5.7,395,Very High
390.6,5.7,434.08,Very High
163.8,6.36,533.36,Low
302.4,7.46,749.87,Low
302.4,7.46,749.87,Low
302.4,6.14,769.94,Low
226.8,4.82,628.42,Low
264.6,6.14,653.76,Low
176.4,6.8,762.55,Low
100.8,9.87,903.02,Moderate
529.2,6.14,785.78,Very High
390.6,7.02,315.79,Very Low
277.2,7.02,336.92,Very High
239.4,9.43,728.75,Low
214.2,10.96,1594.8,Moderate
226.8,8.99,1270.56,Moderate
642.6,6.36,276.71,High
415.8,6.14,200.67,Very Low
277.2,8.33,649.54,Low
718.2,10.96,1879.96,Low
302.4,10.09,785.78,Low
239.4,5.7,941.04,Low
226.8,6.36,1058.27,Low
277.2,3.73,618.91,Low
252,8.99,237.64,Very High
516.6,8.33,173.21,High
365.4,5.26,228.13,Very Low
289.8,7.68,238.69,Very Low
428.4,5.92,203.84,Very Low
207.6,5.48,135.19,Very Low
239.4,19.08,223.91,Very High
226.8,20.18,151.03,Very Low
63,15.35,197.5,Low
100.8,4.39,180.6,Low
201.6,5.04,205.95,Very High
126,6.36,219.68,Low
453.6,13.16,223.91,Very Low
138.6,16.23,247.14,Low
138.6,16.23,247.14,Low
214.2,6.58,178.49,Very Low
529.2,8.33,422.46,Very Low
642.6,10.96,730.86,Very High
88.2,2.63,243.97,Low
415.8,8.55,364.38,Very Low
504,3.73,218.63,High
277.2,6.8,177.43,Very Low
302.4,4.61,322.13,Very High
478.8,13.6,630.53,Very High
239.4,6.14,633.7,Low
226.8,7.02,509.07,Low
201.6,4.39,817.47,Low
428.4,2.63,988.57,Low
239.4,7.46,387.61,Very High
869.4,11.84,1093.13,Very High
289.8,6.8,445.7,Very High
302.4,6.14,532.3,Low
453.6,12.06,842.82,Low
453.6,12.06,842.82,Low
277.2,7.24,2233.78,Moderate
189,5.04,554.48,Low
592.2,13.82,909.35,Very High
226.8,6.14,430.91,Low
718.2,6.8,372.82,Very Low
151.2,4.17,628.42,Low
529.2,5.92,301.01,Very Low
516.6,13.38,326.35,Very Low
189,7.02,269.32,Very High
289.8,11.4,793.18,Low
592.2,13.82,909.35,Very High
289.8,11.4,793.18,Low
718.2,10.96,1879.96,Low
289.8,11.4,793.18,Low
567,6.58,536.53,Very High
529.2,4.17,223.91,High
806.4,18.64,854.43,Very High
453.6,3.29,195.39,High
466.2,15.57,961.11,Low
693,2.41,852.32,Very High
604.8,12.94,794.23,Very High
642.6,19.96,212.29,High
541.8,2.63,427.74,Very Low
831.6,3.95,672.77,Very Low
806.4,2.41,836.48,Very High
768.6,19.74,961.11,Very High
315,2.41,135.19,High
390.6,9.65,250.31,Very Low
504,3.51,132.02,High
428.4,3.29,211.23,Very Low
541.8,5.04,126.74,High
617.4,4.82,127.8,High
567,3.95,149.97,High
365.4,4.39,161.59,High
579.6,4.61,182.72,High
541.8,6.58,108.78,High
516.6,5.48,103.5,High
1398.6,7.89,128.85,High
1310.4,5.7,349.59,High
1146.6,5.26,407.68,High
1386,3.95,405.57,High
655.2,5.48,370.71,Very Low
1623.2,5.92,231.3,High
781.2,6.8,343.25,High
1623.2,6.14,92.94,High
592.2,6.8,641.09,Very High
1801.8,7.02,352.76,High
592.2,6.8,641.09,Very High
1272.6,9.21,333.75,High
1638,7.24,166.87,High
1814.4,7.24,229.19,High
655.2,6.58,192.22,High
1222.2,6.36,233.41,High
756,8.77,325.3,High
718.2,5.26,401.34,Very Low
1285.2,5.04,183.77,High
781.2,5.92,406.62,Very Low
529.2,9.43,509.07,Very High
907.2,9.43,190.11,High
907.2,9.43,190.11,High
1184.4,8.99,297.84,High
403.2,5.26,326.35,Very Low
844.2,6.8,189.05,High
390.6,5.04,424.58,Very High
1197,6.36,372.82,High
126,6.36,440.42,Low
239.4,6.36,371.77,Very High
541.8,6.36,356.98,Very Low
403.2,4.61,371.77,Very High
352.8,6.8,644.26,Low
214.2,5.92,229.19,Very High
579.6,5.04,305.23,Very Low
541.8,5.26,289.39,Very Low
478.8,6.8,163.7,High
491.4,5.04,665.38,Very High
352.8,6.8,536.53,Very High
541.8,9.21,634.75,Very High
214.2,5.26,517.52,Low
579.6,5.26,972.72,Very High
151.2,7.02,1467.01,Moderate
214.2,5.92,655.88,Low
579.6,6.58,581.94,Very High
315,16.01,317.9,Very High
1623.2,5.92,231.3,High
441,7.46,396.06,Very High
226.8,7.68,741.42,Low
781.2,6.8,343.25,High
75.6,5.48,562.93,Moderate
239.4,5.48,529.14,Low
226.8,7.02,512.24,Low
390.6,6.14,1161.78,Low
415.8,7.24,1622.26,Low
365.4,10.09,1141.71,Low
226.8,7.89,974.84,Low
403.2,5.48,1289.57,Low
226.8,7.46,536.53,Low
113.4,13.82,755.15,Moderate
403.2,8.99,952.66,Low
289.8,4.82,126.74,High
201.6,6.14,266.15,Very High
390.6,3.51,308.4,Very Low
352.8,9.21,533.36,Very High
415.8,6.8,366.49,Very Low
529.2,4.17,223.91,High
239.4,6.58,217.57,Very High
289.8,8.11,1298.02,Low
302.4,19.3,270.38,Very High
277.2,6.8,840.7,Low
189,8.99,2196.81,Moderate
226.8,6.14,1163.89,Moderate
718.2,10.96,1879.96,Low
151.2,7.02,1467.01,Moderate
529.2,4.17,223.91,High
516.6,3.95,1081.51,Low
214.2,7.02,1012.86,Low
226.8,8.33,951.6,Low
529.2,6.8,974.84,Low
415.8,9.21,865,Low
277.2,7.68,748.82,Low
302.4,8.33,646.37,Low
239.4,6.8,627.36,Low
226.8,7.68,730.86,Low
289.8,10.96,635.81,Low
289.8,11.4,793.18,Low
340.2,8.77,943.15,Low
327.6,7.02,213.34,Very Low
201.6,8.33,444.64,Low
277.2,6.8,316.85,Very High
239.4,11.4,308.4,Very High
163.8,9.21,297.84,Low
302.4,7.68,635.81,Low
1638,7.24,166.87,High
428.4,4.82,125.68,High
516.6,3.95,1081.51,Low
340.2,4.39,140.47,High
655.2,6.58,192.22,High
1222.2,6.36,233.41,High
529.2,5.7,108.78,High
756,8.77,325.3,High
718.2,5.26,401.34,Very Low
441,6.14,193.28,High
1285.2,5.04,183.77,High
516.6,5.48,103.5,High
781.2,5.92,406.62,Very Low
466.2,3.73,125.68,High
541.8,6.58,108.78,High
529.2,9.43,509.07,Very High
1398.6,7.89,128.85,High
907.2,9.43,190.11,High
516.6,6.58,85.55,High
844.2,4.61,153.14,High
176.4,6.14,138.36,Very Low
403.2,5.26,326.35,Very Low
1310.4,5.7,349.59,High
516.6,4.17,189.05,High
1184.4,8.99,297.84,High
844.2,6.8,189.05,High
415.8,6.14,173.21,High
1146.6,5.26,407.68,High
630,4.17,184.83,High
1386,3.95,405.57,High
567,6.58,105.62,High
680.4,6.36,166.87,High
541.8,5.04,126.74,High
617.4,4.82,127.8,High
567,3.95,149.97,High
365.4,4.39,161.59,High
579.6,4.61,182.72,High
655.2,5.48,370.71,Very Low
1323,4.17,301.01,High
1663.2,5.92,231.3,High
781.2,6.8,343.25,High
1663.2,6.14,92.94,High
1801.8,7.02,352.76,High
1272.6,9.21,333.75,High
592.2,6.8,641.09,Very High
390.6,5.04,424.58,Very High
352.8,2.63,219.68,Very Low
516.6,12.72,191.16,High
1197,6.36,372.82,High
1222.2,3.95,136.24,High
126,6.36,440.42,Low
579.6,5.04,305.23,Very Low
680.4,2.85,168.99,High
541.8,5.26,289.39,Very Low
239.4,6.36,371.77,Very High
592.2,19.74,183.77,High
478.8,6.8,163.7,High
680.4,2.85,168.99,High
491.4,5.04,665.38,Very High
592.2,19.74,183.77,High
352.8,6.8,536.53,Very High
352.8,6.8,644.26,Low
541.8,9.21,634.75,Very High
844.2,2.63,168.99,High
214.2,5.92,229.19,Very High
214.2,5.26,517.52,Low
453.6,2.63,216.51,Very Low
214.2,7.02,1012.86,Low
579.6,5.26,972.72,Very High
478.8,3.07,177.43,High
315,2.41,136.24,High
214.2,5.92,655.88,Low
226.8,8.33,951.6,Low
453.6,3.73,255.59,Very Low
579.6,6.58,581.94,Very High
415.8,9.21,865,Low
315,16.01,317.9,Very High
277.2,7.68,748.82,Low
441,7.46,396.06,Very High
466.2,3.73,125.68,High
516.6,6.58,85.55,High
579.6,6.58,1049.82,Low
516.6,6.58,85.55,High
592.2,8.99,860.77,Very High
176.4,6.14,138.36,Very Low
226.8,7.68,741.42,Low
302.4,8.33,646.37,Low
239.4,5.48,529.14,Low
226.8,7.02,512.24,Low
516.6,4.17,189.05,High
390.6,6.14,1161.78,Low
415.8,7.24,1622.26,Low
365.4,10.09,1141.71,Low
226.8,7.89,974.84,Low
403.2,5.48,1289.57,Low
226.8,7.46,536.53,Low
113.4,13.82,755.15,Moderate
403.2,8.99,952.66,Low
289.8,4.82,126.74,High
201.6,6.14,266.15,Very High
390.6,3.51,308.4,Very Low
352.8,9.21,533.36,Very High
201.6,16.45,729.81,Low
415.8,6.8,366.49,Very Low
239.4,6.58,217.57,Very High
289.8,8.11,1298.02,Low
302.4,19.3,270.38,Very High
277.2,6.8,840.7,Low
189,8.99,2196.81,Moderate
226.8,6.14,1163.89,Moderate
718.2,10.96,1879.96,Low
151.2,7.02,1467.01,Moderate
529.2,4.17,223.91,High
516.6,3.95,1081.51,Low
214.2,7.02,1012.86,Low
441,3.07,281.99,Very Low
415.8,6.14,173.21,High
415.8,3.95,117.23,High
630,4.17,184.83,High
516.6,7.68,114.07,High
403.2,6.36,146.81,High
567,6.58,105.62,High
466.2,9.65,129.91,High
680.4,6.36,166.87,High
491.4,7.02,157.37,High
541.8,5.04,126.74,High
504,6.8,155.26,High
617.4,4.82,127.8,High
491.4,5.26,125.68,High
567,3.95,149.97,High
667.8,4.17,153.14,High
579.6,4.61,182.72,High
882,4.61,121.46,High
352.8,3.73,147.86,High
466.2,8.77,139.41,High
441,6.8,127.8,High
516.6,5.48,103.5,High
541.8,6.58,108.78,High
1398.6,7.89,128.85,High
529.2,3.95,139.41,High
1310.4,5.7,349.59,High
239.4,6.8,627.36,Low
1146.6,5.26,407.68,High
541.8,6.14,123.57,High
604.8,9.65,121.46,High
1386,3.95,405.57,High
630,4.61,139.41,High
315,3.95,195.39,Very Low
355.2,5.48,370.71,Very High
428.4,4.82,125.68,High
781.2,6.8,343.25,High
403.2,5.26,326.35,Very Low
1663.2,6.14,92.94,High
340.2,4.39,140.47,High
529.2,5.7,108.78,High
1801.8,7.02,352.76,High
592.2,6.8,641.09,Very High
1272.6,9.21,333.75,High
1638,7.24,166.87,High
1814.4,7.24,229.19,High
655.2,6.58,192.22,High
1222.2,6.36,233.41,High
756,8.77,325.3,High
1801.8,7.02,352.76,High
592.2,6.8,641.09,Very High
352.8,6.8,644.26,Low
1272.6,9.21,333.75,High
214.2,5.92,229.19,Very High
1638,7.24,166.87,High
1814.4,7.24,229.19,High
1222.2,6.36,233.41,High
756,8.77,325.3,High
718.2,5.26,401.34,Very Low
1285.2,5.04,183.77,High
781.2,5.92,406.62,Very Low
907.2,9.43,190.11,High
844.2,4.61,153.14,High
579.6,5.04,305.23,Very Low
541.8,5.26,289.39,Very Low
478.8,6.8,163.7,High
226.8,7.68,741.42,Low
75.6,5.48,562.93,Moderate
239.4,5.48,529.14,Low
226.8,7.02,512.24,Low
390.6,6.14,1161.78,Low
415.8,7.24,1622.26,Low
365.4,10.09,1141.71,Low
226.8,7.89,974.84,Low
403.2,5.48,1289.57,Low
466.2,15.57,961.11,Low
693,2.41,852.32,Very High
604.8,12.94,794.23,Very High
642.6,19.96,212.29,High
541.8,2.63,427.74,Very Low
831.6,3.95,672.77,Very Low
806.4,2.41,836.48,Very High
768.6,19.74,961.11,Very High
315,2.41,135.19,High
390.6,9.65,250.31,Very Low
504,3.51,132.02,High
428.4,3.29,211.23,Very Low
352.8,2.63,219.68,Very Low
516.6,12.72,191.16,High
1146.6,13.38,857.6,Very Low
680.4,13.16,836.48,Very High
667.8,13.6,518.57,Very Low
705.6,13.38,296.78,High
730.8,13.82,531.25,Very Low
768.6,13.82,648.48,Very Low
932.4,13.82,847.04,Very High
781.2,13.6,178.49,High
730.8,13.38,870.28,Very High
718.2,13.38,889.29,Very High
730.8,13.38,870.28,Very High
806.4,12.28,343.25,High
730.8,12.28,644.26,Very Low
919.8,12.28,907.24,Very High
1108.8,12.28,410.85,High
1398,12.28,430.91,High
1272.6,12.28,332.69,High
1398.6,12.28,763.6,Very Low
1108.4,12.28,221.79,High
932.4,12.28,678.05,Very Low
894.6,12.28,427.74,Very Low
1058.4,12.28,427.74,High
894.6,12.28,427.74,Very Low
680.4,12.28,857.6,Very High
567,12.28,433.03,Very Low
567,12.28,433.03,Very Low
630,12.28,623.13,Very High
718.2,12.28,416.13,Very Low
1234.8,12.28,371.77,High
1209.6,12.28,758.32,Very Low
655.2,12.28,1174.45,Low
781.2,12.28,537.59,Very Low
541.8,12.28,735.09,Very High
478.8,12.28,248.2,Very Low
441,12.28,756.21,Very High
1058.4,6.8,391.84,High
894.6,8.33,332.69,High
945,7.02,484.78,Very Low
806.4,10.53,346.42,High
970.2,8.99,570.33,Very Low
1310.4,10.96,322.13,High
1146.6,9.65,329.52,High
1108.8,10.53,477.38,High
1398.6,8.77,342.2,High
1222.2,8.33,299.95,High
1146.6,8.55,665.38,Very Low
1071,6.58,939.98,Very Low
970.2,6.58,962.16,Very High
945,70.2,484.78,Very Low
1222.2,3.95,136.24,High
680.4,2.85,168.99,High
592.2,19.74,183.77,High
844.2,2.63,168.99,High
453.6,2.63,216.51,Very Low
478.8,3.07,177.43,High
315,2.41,136.24,High
453.6,3.73,255.59,Very Low
441,3.07,281.99,Very Low
415.8,3.95,117.23,High
403.2,6.36,146.81,High
466.2,9.65,129.91,High
403.2,6.36,146.81,High
491.4,7.02,157.37,High
504,6.8,155.26,High
491.4,5.26,125.68,High
252,8.99,237.64,Very High
516.6,8.33,173.21,High
365.4,5.26,228.13,Very Low
289.8,7.68,238.69,Very Low
428.4,5.92,203.84,Very Low
201.6,5.48,135.19,Very Low
239.4,19.08,223.91,Very High
226.8,20.18,151.03,Very Low
63,15.35,197.5,Low
201.6,5.04,205.95,Very High
126,6.36,219.68,Low
453.6,13.16,223.91,Very Low
453.6,13.16,223.91,Very Low
138.6,16.23,247.14,Low
88.2,2.63,243.97,Low
504,3.73,218.63,High
478.8,13.6,630.53,Very High
428.4,2.63,988.57,Low
869.4,11.84,1093.13,Very High
592.2,13.82,909.35,Very High
567,6.58,536.53,Very High
252,8.99,237.64,Very High
365.4,5.26,228.13,Very Low
289.8,7.68,238.69,Very Low
428.4,5.92,203.84,Very Low
201.6,5.48,135.19,Very Low
239.4,19.08,223.91,Very High
226.8,20.18,151.03,Very Low
63,15.35,197.5,Low
201.6,5.04,205.95,Very High
126,6.36,219.68,Low
453.6,13.16,223.91,Very Low
138.6,16.23,247.14,Low
88.2,2.63,243.97,Low
504,3.73,218.63,High
478.8,13.6,630.53,Very High
428.4,2.63,988.57,Low
327.6,16.89,758.32,Low
869.4,11.84,1093.13,Very High
453.6,12.06,842.82,Low
592.2,13.82,909.35,Very High
567,6.58,536.53,Very High
504,3.29,644.26,Very High
478.8,19.74,778.39,Very High
365.4,19.74,694.95,Low
2.41,751.99,7.25,Very High
730.8,6.8,978,Very High
932.4,6.8,771,Very Low
667.8,6.8,1345.55,Low
655.2,7.02,1680.35,Low
743.4,7.02,730.86,Very High
768.6,7.02,765.72,Very High
680.4,7.02,1441.66,Low
667.8,7.02,1058.27,Very High
781.2,6.8,749.87,Very High
982.8,6.8,1161.78,Very High
680.4,6.8,1228.31,Low
730.8,6.8,519.63,Very Low
667.8,7.02,213.34,High
743.4,7.02,390.78,Very Low
919.8,7.02,272.49,High
768.6,7.02,286.22,High
642.6,7.02,336.92,Very Low
617.4,7.02,477.38,Very Low
1058.4,9.65,741.42,Very Low
1247.4,8.77,371.77,High
1108.8,9.21,433.03,High
1171.8,8.99,298.89,High
705.6,9.65,666.44,Very High
894.6,9.65,424.58,Very Low
756,9.65,844.93,Very High
919.8,8.77,1375.12,Very High
756,9.21,857.6,Very High
1058.4,9.21,532.3,Very Low
667.8,9.21,442.53,Very Low
478.8,8.99,318.96,Very Low
781.2,9.21,265.1,High
844.2,8.77,425.63,Very Low
1234.8,9.65,954.77,Very Low
756,9.43,834.37,Very High
869.4,8.99,900.9,Very High
982.8,8.99,688.62,Very Low
856.8,9.43,762.55,Very Low
919.8,8.77,836.48,Very High
768.6,8.99,889.29,Very High
907.2,9.21,847.04,Very High
1008,8.99,110.9,High
655.2,9.21,118.29,High
894.6,9.21,433.03,Very Low
667.8,8.77,368.6,Very Low
667.8,8.77,368.6,Very Low
541.8,9.21,372.82,Very Low
756,8.99,646.37,Very Low
743.4,8.77,221.79,High
642.6,9.21,298.89,Very Low
907.2,9.21,290.44,High
869.4,9.21,171.1,High
793.8,8.99,159.48,High
781.2,9.21,665.38,Very Low
882,8.77,530.19,Very Low
894.6,8.99,517.52,Very Low
806.4,8.77,202.78,High
667.8,8.99,266.15,High
806.4,9.21,538.64,Very Low
919.8,9.21,298.89,High
1020.6,9.65,321.07,High
1008,9.21,438.31,High
894.6,8.99,369.66,High
869.4,8.99,477.38,Very Low
995.4,8.77,423.52,High
882,8.77,1058.27,Very High
793.8,8.77,581.94,Very Low
982.8,8.99,424.56,High
1134,8.99,1385.68,Very High
781.2,9.21,686.5,Very Low
894.6,9.21,1059.33,Very High
907.2,8.77,1237.82,Very High
793.8,9.21,1112.14,Very High
680.4,9.43,1363.5,Low
894.6,9.43,939.98,Very High
970.2,8.77,821.69,Very Low
1108.8,9.43,276.71,High
1121.4,9.43,177.43,High
882,9.43,986.45,Very High
982.8,8.99,424.58,High
1134,8.99,1385.68,Very High
1008,9.21,438.31,High
579.6,4.82,698.12,Very High
529.2,6.8,636.86,Very High
554.4,6.8,525.97,Very High
441,8.33,269.32,Very Low
390.6,8.77,500.62,Very High
302.4,10.53,718.19,Low
138.6,10.96,934.7,Moderate
630,6.36,477.38,Very Low
466.2,6.36,2137.67,Low
252,10.75,1064.61,Low
50.4,6.14,629.47,Moderate
163.8,4.61,1826.1,Moderate
579.6,4.82,698.12,Very High
529.2,6.8,636.86,Very High
554.4,6.8,525.97,Very High
441,8.33,269.32,Very Low
390.6,8.77,500.62,Very High
302.4,10.53,718.19,Low
138.6,10.96,934.7,Moderate
630,6.36,477.38,Very Low
466.2,6.36,2137.67,Low
50.4,6.14,629.47,Moderate
163.8,4.61,1826.1,Moderate
264.6,7.02,1056.16,Low
378,8.55,860.77,Low
441,5.26,519.63,Very High
504,6.58,722.41,Very High
441,5.26,519.63,Very High
504,6.58,722.41,Very High
567,7.68,530.19,Very High
579.6,10.09,1056.16,Low
428.4,10.53,707.63,Very High
541.8,11.18,217.57,High
630,4.61,780.5,Very High
667.8,11.62,198.56,High
163.8,7.02,1125.87,Moderate
352.8,8.99,442.53,Very High
541.8,8.33,374.94,Very Low
516.6,8.42,390.78,Very Low
478.8,4.82,401.34,Very Low
441,6.58,297.84,Very Low
441,6.58,297.84,Very Low
579.6,8.55,174.27,High
667.8,8.77,219.68,High
1058.4,9.65,741.42,Very Low
1247.4,8.77,371.77,High
1108.8,9.21,433.03,High
1171.8,8.99,298.89,High
1247.4,8.77,371.77,High
705.6,9.65,666.44,Very High
894.6,9.65,424.58,Very Low
919.8,8.77,1375.12,Very High
756,9.21,857.6,Very High
1058.4,9.21,532.3,Very Low
667.8,9.21,442.53,Very Low
478.8,8.99,318.96,Very Low
667.8,9.21,442.53,Very Low
478.8,8.99,318.96,Very Low
781.2,9.21,265.1,High
1234.8,9.65,954.77,Very Low
756,9.43,834.37,Very High
869.4,8.99,900.9,Very High
982.8,8.99,688.62,Very Low
1058.4,9.21,532.3,Very Low
856.8,9.43,762.55,Very Low
919.8,8.77,836.48,Very High
768.6,8.99,889.29,Very High
907.2,9.21,847.04,Very High
1008,8.99,110.9,High
655.2,9.21,118.29,High
894.6,9.21,433.03,Very Low
667.8,8.77,368.6,Very Low
541.8,9.21,372.82,Very Low
756,8.99,646.37,Very Low
743.4,8.77,221.79,High
642.6,9.21,298.89,Very Low
907.2,9.21,290.44,High
869.4,9.21,171.1,High
793.8,8.99,159.48,High
781.2,9.21,665.38,Very Low
882,8.77,530.19,Very Low
894.6,8.99,517.52,Very Low
806.4,8.77,202.78,High
667.8,8.99,266.15,High
806.4,9.21,538.64,Very Low
819,8.99,219.68,High
919.8,9.21,298.89,High
1020.6,9.65,321.07,High
1008,9.21,438.31,High
894.6,8.99,369.66,High
869.4,8.99,477.38,Very Low
995.4,8.77,423.52,High
882,8.77,1058.27,Very High
793.8,8.77,581.94,Very Low
982.8,8.99,424.58,High
1134,8.99,1385.68,Very High
781.2,9.21,686.5,Very Low
894.6,9.21,1059.33,Very High
907.2,8.77,1237.82,Very High
793.8,9.21,1112.14,Very High
680.4,9.43,1363.5,Low
894.6,9.43,939.98,Very High
970.2,8.77,821.69,Very Low
1108.8,9.43,276.71,High
1121.4,9.43,177.43,High
882,9.43,986.45,Very High
907.2,9.65,1163.89,Very High
189,8.99,2196.81,Moderate
226.8,6.14,1163.89,Moderate
718.2,10.96,1879.96,Low
151.2,7.02,1467.01,Moderate
529.2,4.17,223.91,High
516.6,3.95,1081.51,Low
214.2,7.02,1012.86,Low
226.8,8.33,951.6,Low
529.2,6.8,974.84,Low
415.8,9.21,865,Low
277.2,7.68,748.82,Low
302.4,8.33,646.37,Low
239.4,6.8,627,Low
226.8,7.68,730.86,Low
289.8,10.96,635.81,Low
289.8,11.4,793.18,Low
642.6,5.92,501.68,Very Low
604.8,5.26,644.26,Very High
567,3.73,541.81,Very High
642.6,6.58,1076.23,Very High
630,6.8,618.91,Very High
478.8,7.46,548.15,Very High
340.2,8.33,981.17,Low
529.2,7.02,231.3,High
730.8,8.55,460.49,Very Low
478.8,5.48,537.59,Very High
529.2,6.8,442.53,Very Low
730.8,7.89,1943.33,Low
831.6,7.89,414.01,Very Low
567,9.87,276.71,Very Low
302.4,9.21,299.95,Very High
113.4,8.77,325.3,Low
138.6,8.33,634.75,Low
340.2,6.8,834.37,Low
529.2,6.58,709.74,Very High
642.6,8.77,625.25,Very High
567,10.96,178.49,High
214.2,10.53,200.67,Very High
529.2,4.61,501.68,Very High
642.6,7.46,519.63,Very Low
415.8,7.6,540.75,Very High
277.2,7.46,798.46,Low
239.4,8.77,848.1,Low
264.6,12.06,443.59,Very High
693,5.48,443.59,Very Low
592.2,5.7,729.81,Very High
491.4,5.92,421.41,Very Low
352.8,5.48,241.86,Very Low
189,11.62,1280.07,Moderate
126,9.43,963.22,Moderate
100.8,10.53,1700.42,Moderate
226.8,7.24,758.32,Low
478.8,6.8,231.3,Very Low
516.6,5.26,638.98,Very High
604.8,6.36,336.92,Very Low
491.4,7.02,529.14,Very High
340.2,8.42,646.37,Low
478.8,14.47,529.14,Very High
478.8,14.47,529.14,Very High
604.8,5.48,358.04,Very Low
655.2,6.14,759.38,Very High
831.6,7.24,899.85,Very High
768.6,9.21,441.47,Very Low
617.4,5.7,1710.98,Low
302.4,5.92,417.18,Very High
340.2,7.46,880.84,Low
428.4,6.14,1057.22,Low
541.8,8.55,1613.81,Low
579.6,7.02,1058.27,Low
667.8,7.68,973.78,Very High
806.4,6.36,4.12,High
592.2,7.46,753.04,Very High
504,8.77,729.81,Very High
189,5.92,1807.09,Moderate
163.8,7.02,978,Moderate
264.6,4.39,771,Low
340.2,5.04,1345.55,Low
302.4,6.8,1680.35,Moderate
226.8,4.61,730.86,Low
365.4,5.7,765.72,Low
579.6,5.26,1441.66,Low
554.4,7.24,1058.27,Low
327.6,5.7,749.87,Low
352.8,6.36,1161.78,Low
289.8,9.87,1228.31,Low
592.2,7.02,519.63,Very Low
504,8.55,213.34,High
705.6,9.21,390.78,Very Low
163.8,6.58,266.15,Very High
592.2,4.39,286.22,Very Low
453.6,6.14,747.76,Very High
289.8,5.48,618.91,Low
239.4,6.58,550.26,Low
579.6,5.04,618.91,Very High
541.8,4.82,301.01,Very Low
453.6,5.04,623.13,Very High
466.2,9.65,129.9,High
491.4,7.02,157.37,High
504,6.8,155.26,High
491.4,5.26,125.68,High
667.8,4.17,153.14,High
882,4.61,121.46,High
352.8,3.73,147.86,High
466.2,8.77,139.41,High
441,6.8,127.8,High
529.2,3.95,139.41,High
478.8,7.02,110.9,High
541.8,6.14,123.57,High
604.8,9.65,121.46,High
630,4.61,139.41,High
315,3.95,195.39,Very Low
705.6,4.82,86.61,High
705.6,4.82,86.61,High
327.6,6.8,130.96,High
428.4,4.82,125.68,High
529.2,5.7,108.78,High
529.2,5.7,108.78,High
441,6.14,193.28,High
466.2,3.73,125.68,High
516.6,6.58,85.55,High
176.4,6.14,138.36,Very Low
516.6,4.17,189.05,High
415.8,6.14,173.21,High
630,4.17,184.83,High
567,6.58,105.62,High
680.4,6.36,166.87,High
630,5.92,751.99,Very High
554.4,5.26,204.9,High
163.8,6.84,932.59,Moderate
214.2,4.61,519.63,Low
415.8,7.68,543.92,Very High
390.6,8.33,729.81,Low
352.8,5.92,612.57,Low
541.8,7.89,435.14,Very Low
491.4,8.99,417.18,Very Low
579.6,5.26,428.8,Very Low
718.2,7.02,297.84,High
655.2,10.09,316.85,Very Low
604.8,6.8,487.95,Very Low
579.6,6.8,276.71,Very Low
252,7.24,736.14,Low
415.8,5.92,397.12,Very High
541.8,4.61,122.51,High
428.4,8.33,219.68,Very Low
315,9.87,473.16,Very High
378,6.58,231.3,Very Low
806.4,8.33,200.67,High
982.8,8.33,501.68,Very Low
995.4,8.33,519.63,Very Low
894.6,8.33,540.75,Very Low
1108.8,8.33,798.46,Very Low
756,8.33,848.1,Very High
869.4,8.33,443.59,Very Low
856.8,8.33,443.59,Very Low
781.2,8.33,421.41,Very Low
869.4,8.55,2418.61,Low
982.8,8.55,1280.07,Very High
869.4,8.55,963.22,Very High
680.4,8.55,1701.47,Low
869.4,8.55,758.32,Very Low
995.4,6.58,231.3,High
793.8,7.02,638.98,Very Low
743.4,7.02,336.92,High
869.4,7.02,646.37,Very Low
1058.4,7.02,687.56,Very Low
982.8,8.55,635.81,Very Low
995.4,8.55,848.1,Very Low
1436.4,6.58,963.22,Very Low
1436.4,6.58,963.22,Very Low
1436.4,6.58,1163.89,Very Low
1612.8,6.58,392.89,High
1499.4,6.58,214.4,High
1638,9.87,798.46,Very Low
1310.4,6.8,443.59,High
1272.6,9.87,834.37,Very Low
1386,9.87,2113.38,Very High
1398.6,6.8,1280.07,Very High
1486.8,6.58,501.68,High
1675.8,6.58,200.67,High
1625.4,9.87,178.49,High
1675.8,6.58,200.67,High
1096.2,6.8,794.23,Very Low
1297.8,6.8,443.59,High
1398.6,6.8,834.37,Very Low
1360.8,9.87,1058.27,Very Low
1360.8,9.87,1058.27,Very Low
1373.4,6.58,994.9,Very Low
1272.6,6.8,847.04,Very Low
1171.8,6.8,648.48,Very Low
1159.2,6.8,174.27,High
1398.6,6.8,266.15,High
1360.8,9.87,447.81,High
1625.4,9.65,371.77,High
1650.6,9.65,422.46,High
1360.8,9.87,1068.83,Very Low
1310.4,6.58,2114.43,Very High
1146.6,6.58,729.81,Very Low
105.8,9.87,445.7,Low
1184.4,9.87,500.62,High
1020.6,6.8,939.98,Very High
1134,6.8,1058.27,Very High
743.4,7.02,417.18,Very Low
642.6,7.02,880.84,Very High
919.8,7.02,1057.22,Very High
1197,7.02,1613.81,Very High
1297.8,6.8,1058.27,Very Low
781.2,6.8,973.78,Very High
1272.6,7.02,941.04,Very Low
1146.6,7.02,753.04,Very Low
617.4,7.02,729.81,Very High
579.2,6.58,1049.82,Low
592.2,8.99,860.77,Very High
504.2,6.58,1049.82,Low
466.2,5.04,329.52,Very Low
352.8,6.8,385.5,Very High
882,8.33,505.9,Very Low
667.8,8.11,294.67,High
491.4,10.31,387.61,Very Low
504,5.26,612.57,Very High
201.6,5.04,447.81,Low
277.2,7.02,709.74,Low
239.4,5.7,395,Very High
163.8,6.36,533.36,Low
302.4,7.46,749.87,Low
352.8,7.46,1051.94,Low
302.4,6.14,769.94,Low
226.8,4.82,628.42,Low
264.6,6.14,653.76,Low
176.4,6.8,762.55,Low
100.8,9.87,903.02,Moderate
529.2,6.14,785.78,Very High
390.6,7.02,315.79,Very Low
277.2,7.02,336.92,Very High
1801.8,7.02,352.76,High
1272.6,9.21,333.75,High
1272.6,9.21,333.75,High
1638,7.24,166.87,High
1814.4,7.24,229.19,High
655.2,6.58,192.22,High
1222.2,6.36,233.41,High
756,8.77,325.3,High
718.2,5.26,401.34,Very Low
1285.2,5.04,183.77,High
781.2,5.92,406.62,Very Low
529.2,9.43,509.07,Very High
907.2,9.43,190.11,High
844.2,4.61,153.14,High
403.2,5.26,326.35,Very Low
844.2,6.8,189.05,High
390.6,5.04,424.58,Very High
541.8,2.63,427.74,Very Low
831.6,3.95,672.77,Very Low
806.4,2.41,836.48,Very High
768.6,19.74,961.11,Very High
768.6,19.74,961.11,Very High
390.6,9.65,250.31,Very Low
504,3.51,132.02,High
264.6,6.14,653.76,Low
176.4,6.8,762.55,Low
100.8,9.87,903.02,Moderate
529.2,6.14,785.78,Very High
390.6,7.02,315.79,Very Low
277.2,7.02,336.92,Very High
239.4,9.43,728.75,Low
214.2,10.96,1594.8,Moderate
226.8,8.99,1270.56,Moderate
529.2,10.96,798.46,Very High
642.6,6.36,276.71,High
415.8,6.14,200.67,Very Low
277.2,8.33,649.54,Low
302.4,10.09,785.78,Low
239.4,5.7,941.04,Low
226.8,6.36,1058.27,Low
277.2,3.73,618.91,Low
113.4,13.82,755.15,Moderate
617.4,4.82,127.8,High
567,3.95,149.97,High
365.4,4.39,161.59,High
579.6,4.61,182.72,High
516.6,5.48,103.5,High
541.8,6.58,108.78,High
1398.6,7.89,128.85,High
1310.4,5.7,349.59,High
1146.6,5.26,407.68,High
655.2,5.48,370.71,Very Low
1323,4.17,301.01,High
1663.2,5.92,231.3,High
781.2,6.8,343.25,High
1663.2,6.14,92.94,High
516.6,5.48,103.5,High
806.4,18.64,854.43,Very High
252,2.41,220.74,Very Low
453.6,3.29,195.39,High
693,2.41,852.32,Very High
604.8,12.94,794.23,Very High
642.6,19.96,212.29,High
642.6,19.96,212.29,High
831.6,3.95,672.77,Very Low
806.4,2.41,836.48,Very High
768.6,19.74,961.11,Very High
315,2.41,135.19,High
390.6,9.65,250.31,Very Low
504,3.51,132.02,High
428.4,3.29,211.23,Very Low
352.8,2.63,219.68,Very Low
516.6,12.72,191.16,High
1222.2,3.95,136.24,High
680.4,2.85,168.99,High
592.2,19.74,183.77,High
844.2,2.63,168.99,High
453.6,2.63,216.51,Very Low
478.8,3.07,177.43,High
315,2.41,136.24,High
453.6,3.73,255.59,Very Low
453.6,3.73,255.59,Very Low
441,3.07,281.99,Very Low
415.8,3.95,117.23,High
0.38,10.45,519.7,Moderate
0.45,9.26,367.4,Moderate
0.3,8.06,241.9,Moderate
0.3,8.06,241.9,Moderate
0.45,7.47,224,Moderate
0.08,11.05,421.1,Moderate
0.15,10.45,403.2,Moderate
0.53,9.86,546.56,Moderate
0.53,16.43,904.96,Moderate
0.38,13.44,618.2,Moderate
0.45,13.74,878.1,Moderate
0.45,13.74,878.1,Moderate
0.3,1.65,600.3,Moderate
0.45,8.36,403.2,Moderate
0.9,14.63,851.2,Moderate
0.23,10.75,358.4,Moderate
0.68,6.87,358.4,Moderate
0.45,14.93,806.4,Moderate
0.45,14.63,824.3,Moderate
0.3,14.93,824.3,Moderate
0.3,14.93,922.88,Moderate
0.23,14.04,904.96,Moderate
0.6,13.44,940.8,Moderate
0.75,12.25,663,Moderate
0.75,13.44,931.8,Moderate
0.98,8.96,394.2,Moderate
0.38,13.14,779.5,Moderate
0.15,16.73,976.6,Moderate
0.3,15.53,976.6,Moderate
0.45,13.74,761.6,Moderate
0.3,15.23,1021,Moderate
0.38,12.25,457,Moderate
0.38,13.14,878.1,Moderate
0.75,10.75,448,Moderate
0.53,10.16,483.84,Moderate
0.75,10.75,707.8,Moderate
0.75,12.54,842.2,Moderate
0.23,15.53,842.2,Moderate
0.6,13.74,887,Moderate
0.45,13.14,824.3,Moderate
0.6,14.04,779.5,Moderate
0.83,10.15,519.7,Moderate
0.45,11.35,430.1,Moderate
0.68,8.96,519.7,Moderate
0.38,10.75,573.44,Moderate
0.75,9.56,376.32,Moderate
0.53,12.25,851.2,Moderate
0.15,11.05,600.3,Moderate
0.3,14.63,788.5,Moderate
0.6,13.14,860.2,Moderate
0.6,11.35,465.9,Moderate
0.45,10.75,439,Moderate
0.75,8.64,439,Moderate
0.6,11.65,564.5,Moderate
0.08,11.95,627.2,Moderate
0.3,15.53,1057,Moderate
0.45,10.45,510.7,Moderate
0.08,9.26,277.76,Moderate
0.38,15.23,931.84,Moderate
0.3,14.64,770.56,Moderate
0.75,10.75,537.6,Moderate
0.45,9.26,546.6,Moderate
0.45,12.54,591.4,Moderate
0.83,13.14,958.7,Moderate
0.53,11.95,483.8,Moderate
0.23,10.15,457,Moderate
0.6,13.44,878.1,Moderate
0.98,8.36,304.6,Moderate
0.38,16.73,1057,Moderate
0.53,13.14,851.2,Moderate
0.45,13.44,851.2,Moderate
0.38,14.04,851.2,Moderate
0.9,10.16,430.08,Moderate
0.75,11.35,770.6,Moderate
0.6,10.75,367.3,Moderate
0.75,13.14,985.6,Moderate
0.53,13.74,922.9,Moderate
0.83,8.36,430.1,Moderate
0.6,9.56,483.8,Moderate
0.53,14.04,985.6,Moderate
0.75,12.25,931.8,Moderate
0.23,15.53,815.4,Moderate
0.38,15.83,833.33,Moderate
0.23,19.12,1111,Moderate
0.53,14.93,922.88,Moderate
0.6,13.74,1004,Moderate
0.6,13.74,788.5,Moderate
0.45,13.74,743.7,Moderate
0.83,10.75,752.6,Moderate
0.68,12.25,698.9,Moderate
0.3,9.86,385.3,Moderate
0.38,18.82,1084,Moderate
0.53,8.66,528.6,Moderate
0.83,11.05,672.25,Moderate
0.3,14.04,806.4,Moderate
0.45,17.92,1057.3,Moderate
0.6,16.43,1030.4,Moderate
0.83,15.53,985.6,Moderate
0.6,12.84,716.8,Moderate
0.38,11.35,457,Moderate
0.75,9.56,403.2,Moderate
0.68,15.83,1012,Moderate
0.98,8.96,367.4,Moderate
0.9,7.77,412.2,Moderate
0.9,8.96,322.6,Moderate
0.45,14.34,806.4,Moderate
0.38,11.05,358.4,Moderate
0.23,15.23,994.6,Moderate
0.6,9.26,465.9,Moderate
0.38,11.05,519.68,Moderate
0.38,14.64,949.76,Moderate
0.38,15.53,940.8,Moderate
0.53,9.56,492.8,Moderate
0.75,12.25,878.1,Moderate
0.9,8.96,295.7,Moderate
0.6,9.56,510.7,Moderate
0.6,10.45,403.2,Moderate
0.3,9.86,331.5,Moderate
0.83,7.77,421.1,Moderate
0.38,11.35,537.6,Moderate
0.6,12.25,797.4,Moderate
0.75,8.06,448,Moderate
0.3,14.64,976.64,Moderate
0.75,11.35,815.36,Moderate
0.38,14.34,896,Moderate
0.45,11.95,743.7,Moderate
0.6,12.84,734.7,Moderate
0.3,12.54,761.6,Moderate
0.45,11.05,510.7,Moderate
0.75,11.65,797.4,Moderate
0.75,11.65,797.4,Moderate
0.38,14.63,1004,Moderate
0.75,8.96,492.8,Moderate
0.6,13.63,1004,Moderate
0.68,8.66,465.92,Moderate
0.68,12.25,842.24,Moderate
0.83,11.05,779.5,Moderate
0.3,11.35,546.6,Moderate
0.6,11.65,833.3,Moderate
0.45,10.15,528.6,Moderate
0.45,10.15,492.8,Moderate
0.83,11.35,806.4,Moderate
0.83,7.77,457,Moderate
0.6,12.54,824.3,Moderate
0.53,10.75,349.4,Moderate
0.6,10.16,421.12,Moderate
0.53,12.25,752.64,Moderate
0.45,14.63,1030,Moderate
0.15,14.93,931.8,Moderate
0.75,15.23,869.1,Moderate
0.6,14.04,949.8,Moderate
0.38,15.23,985.6,Moderate
0.75,11.65,724.3,Moderate
0.75,9.56,313.6,Moderate
0.6,11.35,439.04,Moderate
0.53,11.65,403.2,Moderate
0.38,13.74,887,Moderate
0.68,9.26,457,Moderate
0.53,12.84,860.16,Moderate
0.83,12.25,896,Moderate
0.45,14.34,905,Moderate
0.68,13.14,985.6,Moderate
0.83,8.06,439,Moderate
0.45,15.53,1030,Moderate
0.3,14.63,913.9,Moderate
0.75,8.66,4575,Moderate
0.3,36.13,1075,Moderate
0.23,11.05,5734,Moderate
0.45,14.04,958.7,Moderate
0.68,12.25,905,Moderate
0.6,8.06,277.8,Moderate
0.23,13.14,779.52,Moderate
0.75,10.75,421.1,Moderate
0.23,16.43,1084,Moderate
0.38,15.53,1057,Moderate
0.38,14.34,878.1,Moderate
0.3,9.86,385.3,Moderate
0.75,16.13,1004,Moderate
0.6,10.75,376.3,Moderate
0.45,13.44,698.9,Moderate
0.68,12.25,716.8,Moderate
0.38,14.04,716.8,Moderate
0.83,11.95,833.3,Moderate
0.6,15.83,887.04,Moderate
0.83,8.36,367,Moderate
0.23,15.53,797.4,Moderate
0.6,7.47,376.3,Moderate
0.38,14.04,896,Moderate
1247.4,7.89,223.91,High
1159.2,8.11,393.95,High
554.4,7.46,612.57,Very High
642.6,11.84,306.29,Very Low
604.8,11.4,749.87,Very High
768.6,6.8,549.2,Very Low
995.4,8.11,391.84,High
1184.4,6.8,332.69,High
705.6,6.58,484.78,Very Low
1008,7.02,346.42,High
403.2,7.89,570.33,Very High
340.2,7.46,648.48,Low
945,6.14,572.44,Very Low
869.4,6.8,392.89,High
1008,7.89,306.29,High
214.2,8.33,373.88,Low
151.2,7.46,433.03,Low
365.4,6.8,576.66,Very High
516.6,7.68,538.64,Very High
264.6,8.55,635.81,Low
264.6,8.55,635.81,Low
907.2,11.4,761.49,Very Low
579.6,10.96,709.74,Very High
919.8,6.8,411.9,High
693,7.89,520.69,Very Low
768.6,8.11,396.06,Very Low
554.4,8.11,572.44,Very High
466.2,11.62,731.92,Very High
1335.6,10.53,751.99,Very Low
756,9.21,380.22,Very Low
604.8,16.89,428.8,Very Low
617.4,8.77,642.15,Very High
630,8.55,435.14,Very Low
403.2,8.99,536.53,Very High
1134,8.11,356.98,High
831.6,6.36,644.26,Very Low
844.2,7.46,245.03,High
756,8.55,634.75,Very Low
642.6,8.33,517.52,Very Low
1524.6,7.89,312.62,High
995.4,7.02,164.76,High
1386,6.58,660.1,Very Low
756,7.46,581.94,Very Low
1247.4,6.58,500.62,High
252,8.99,237.64,Very High
642.6,8.33,424.58,Very Low
1033.2,8.55,411.9,High
1247.4,8.33,1374.06,Very High
642.6,8.55,952.66,Very High
894.6,7.89,859.71,Very High
1512,8.11,517.52,High
1411.2,7.68,1162.83,Very Low
1197,7.89,572.44,Very Low
1134,6.8,710.8,Very Low
793.8,7.46,749.87,Very High
1033.2,7.68,834.37,Very Low
1247.4,8.77,512.24,High
1083.6,7.68,396.06,High
705.6,7.68,1161.78,Very High
529.2,8.33,952.66,Low
617.4,7.89,759.38,Very High
1121.4,7.02,498.51,High
1159.2,7.89,322.13,High
340.2,8.77,943.15,Low
327.6,7.02,213.34,Very Low
201.6,8.33,444.64,Low
277.2,6.8,316.85,Very High
239.4,11.4,308.4,Very High
163.8,9.21,297.84,Low
302.4,7.68,635.81,Low
352.8,8.99,542.87,Very High
340.2,5.7,166.87,Very Low
226.8,6.58,1363.5,Moderate
264.6,6.14,1061.44,Low
176.4,9.43,892.46,Moderate
529.2,5.92,325.3,Very Low
894.6,7.46,277.77,High
1033.2,7.46,277.77,High
1108.8,7.46,651.65,Very Low
1184.4,7.46,604.12,Very Low
1297.8,7.46,471.05,High
1222.2,7.46,756.21,Very Low
819,7.46,569.27,Very Low
781.2,7.46,393.95,Very Low
693,7.46,435.86,Very Low
630,8.55,730.86,Very High
1159.2,7.02,2471.41,Low
1197,7.02,530.19,High
1222.2,7.4,735.09,Very Low
1310.4,7.02,541.81,High
1159.2,7.24,495.34,High
1008,7.46,717.13,Very Low
1033.2,7.46,1060.38,Very High
1159.2,7.02,1105.8,Very High
1310.4,7.02,583,High
1020.6,6.8,436.19,High
1423.8,6.8,734.03,Very Low
1348.2,7.46,720.3,Very Low
1323,7.46,573.49,High
1184.4,7.46,240.8,High
1134,7.46,309.45,High
1272.6,7.46,498.51,High
1.64,1146.8,8.55,Very High
1146.6,8.55,939.98,Very Low
1108.8,8.33,762.55,Very Low
932.4,8.33,536.53,Very Low
1008,8.33,424.58,High
1058.4,8.33,392.89,High
1234.8,6.58,296.78,High
1323,7.02,214.4,High
957.6,7.02,214.4,High
1121.4,7.46,213.34,High
52.5,11.05,457,Moderate
210,11.95,519.7,Low
157.5,10.45,367.4,Low
682.5,8.96,367.4,Very Low
262.5,10.15,349.4,Very High
525,7.77,295.7,Very Low
262.5,10.16,367.36,Very High
420,6.57,188.16,High
315,8.66,385.3,Very High
525,10.75,421.1,Very Low
315,11.05,492.8,Very High
105,9.56,313.6,Low
157.5,8.66,259.8,Very High
630,10.15,403.2,Very Low
472.5,9.56,448,Very High
105,12.25,528.6,Moderate
210,9.86,349.4,Very High
105,11.95,483.8,Low
472.5,8.36,313.6,Very Low
420,11.35,439.04,Very High
630,9.86,394.2,Very Low
472.5,8.96,349.4,Very Low
315,9.56,331.5,Very High
367.5,9.26,340.5,Very High
525,8.36,295.7,Very Low
367.5,7.17,206.1,Very Low
210,11.05,394.2,Low
52.5,8.96,295.7,Moderate
577.5,7.17,259.8,High
472.5,7.47,277.76,Very Low
420,8.96,313.6,Very Low
420,10.15,465.9,Very High
157.5,10.15,430.1,Low
262.5,8.6,241.9,Very High
262.5,10.15,385.3,Very High
315,11.35,448,Very High
157.5,8.36,277.8,Low
367.5,9.56,367.4,Very High
157.5,10.45,474.9,Low
210,10.75,403.2,Low
367.5,7.47,224,Very Low
262.5,7.77,259.84,Very High
262.5,8.06,233,Very Low
525,7.77,313.6,Very Low
262.5,9.26,403.2,Very High
157.5,17.92,1021,Moderate
105,9.26,277.8,Low
420,11.05,430.1,Very High
525,9.56,394.2,Very Low
315,16.73,985.6,Low
420,16.13,967.7,Low
210,17.32,1004,Low
105,9.86,286.72,Low
262.5,12.25,474.88,Low
315,9.26,331.5,Very High
577.5,8.96,376.3,Very Low
525,10.45,412.2,Very Low
157.5,8.96,259.8,Very High
315,10.75,412.2,Very High
682.5,8.66,358.4,Very Low
210,6.87,268.8,Very High
315,6.57,224,Very Low
262.5,11.05,376.3,Very High
472.5,14.93,931.8,Low
525,8.96,358.4,Very Low
420,63.27,188.16,High
420,8.66,313.6,Very Low
315,8.96,430.1,Very High
315,10.15,349.4,Very High
262.5,11.05,376.3,Very High
52.5,8.66,322.6,Moderate
420,10.45,421.1,Very High
262.5,17.32,1004,Low
367.5,11.65,448,Very High
105,9.86,358.4,Low
157.5,12.84,546.6,Low
577.5,8.36,340.5,Very Low
420,9.86,385.28,Very High
52.5,11.35,501.76,Moderate
157.5,8.06,304.6,Low
577.5,7.77,277.8,Very Low
105,9.26,340.5,Low
262.5,9.56,448,Very High
262.5,11.65,439,Very High
525,8.36,295.7,Very Low
277.2,7.68,748.82,Low
302.4,8.33,646.37,Low
239.4,6.8,627.36,Low
226.8,7.68,730.86,Low
289.8,10.96,635.81,Low
289.8,11.4,793.18,Low
327.6,7.02,213.34,Very Low
340.2,8.77,943.15,Low
264.6,7.02,1056.16,Low
378,8.55,860.77,Low
428.4,8.99,741.42,Low
441,5.26,519.63,Very High
504,6.58,722.41,Very High
567,7.68,530.19,Very High
579.6,10.09,1056.16,Low
428.4,10.53,707.63,Very High
541.8,11.18,217.57,High
630,4.61,780.5,Very High
667.8,11.62,198.56,High
163.8,7.02,1125.87,Moderate
252,7.02,958.99,Low
352.8,8.99,442.53,Very High
541.8,8.33,374.94,Very Low
516.6,4.82,390.78,Very Low
478.8,4.82,401.34,Very Low
441,6.58,297.84,Very Low
579.6,8.55,174.27,High
667.8,8.77,219.68,High
705.6,10.53,422.46,Very Low
693,8.77,801.63,Very High
1423.8,7.68,252.42,High
667.8,7.24,949.49,Very High
1486.8,6.58,529.14,High
781.2,5.92,368.6,Very Low
743.4,6.58,316.85,High
630,6.14,396.06,Very Low
592.2,6.8,423.52,Very Low
604.8,10.96,537.59,Very Low
743.4,10.96,442.53,Very Low
630,10.96,1943.33,Low
554.4,10.96,834.37,Very High
554.4,10.96,414.01,Very Low
743.4,10.96,299.95,High
781.2,10.75,318.96,High
617.4,10.53,634.75,Very High
604.8,10.75,836.48,Very High
554.4,10.96,709.74,Very High
541.8,10.96,625.25,Very High
617.4,10.96,178.49,High
730.8,10.96,279.88,High
730.8,10.96,279.88,High
781.2,1096,501.68,Very Low
667.8,1096,519.63,Very Low
529.2,10.96,798.46,Very High
554.4,10.96,540.75,Very High
478.8,10.96,848.1,Low
504,10.96,443.59,Very Low
642.6,10.96,443.59,Very Low
781.2,10.96,729.81,Very High
667.8,10.96,420.35,Very Low
516.6,10.96,418.61,Very Low
1272.6,10.96,1279.01,Very High
1209.6,10.96,952.66,Very Low
1184.4,10.75,170.04,High
289.8,8.11,1298.02,Low
302.4,8.33,646.37,Low
277.2,6.8,840.7,Low
189,8.99,2196.81,Moderate
226.8,6.14,1163.89,Moderate
718.2,10.96,1879.96,Low
151.2,7.02,1467.01,Moderate
529.2,4.17,223.91,High
516.6,3.95,1081.51,Low
214.2,7.02,1012.86,Low
226.8,8.33,951.6,Low
529.2,6.8,974.84,Low
415.8,9.21,865,Low
1436.4,6.58,963.22,Very Low
1638,9.87,798.46,Very Low
1310.4,6.8,443.59,High
1272.6,9.87,834.37,Very Low
1386,9.87,2113.38,Very High
1398.6,6.8,1280.07,Very High
1486.8,6.58,501.68,High
1675.8,6.58,200.67,High
1675.8,6.58,200.67,High
1625.4,9.87,178.49,High
1096.2,6.8,794.23,Very Low
1297.8,6.8,443.59,High
1398.8,6.8,834.37,Very Low
1360.6,9.87,1058.27,Very Low
1373.4,6.58,994.9,Very Low
1272.6,6.8,847.04,Very Low
1171.8,6.8,648.48,Very Low
1159.2,6.8,174.27,High
1398.6,6.8,266.15,High
1360.8,9.87,447.81,High
1625.4,9.65,371.77,High
1650.6,9.65,422.46,High
1360.8,9.87,1068.83,Very Low
1310.4,6.58,2114.43,Very High
1146.6,6.58,729.81,Very Low
1045.8,9.87,445.7,High
1184.4,9.87,500.62,High
1020.6,6.8,939.98,Very High
1134,6.8,1058.27,Very High
1436.4,6.58,963.22,Very Low
1612.8,6.58,392.89,High
1499.4,6.58,214.4,High
385.1,28.82,148.3,High
343.4,16.86,158.6,Very Low
258.6,25.7,187.8,Very Low
266.5,28.65,168.2,Very Low
256.3,30.6,185.4,Very Low
263.1,35.34,178.1,Very Low
238.1,28.45,185.1,Very Low
277.4,18.36,163.6,Very Low
368.6,18.86,184.5,Very Low
360.8,23.42,138.3,High
256.3,26.83,140.6,Very Low
207.4,26.7,183.8,Very Low
368.6,30.65,105.7,High
329.4,26.76,163.6,Very Low
216.3,27.82,187.6,Very Low
260.3,20.48,148.9,Very Low
288.1,18.56,136.9,Very Low
267.6,35.78,168.6,Very Low
236.9,25.62,185.8,Very Low
248.8,18.76,246.7,Very High
208.1,96.83,178.8,Very Low
267.1,28.76,160.9,Very Low
286.4,36.86,138.6,Very Low
278.4,14.7,145.7,Very Low
283.6,18.36,165.8,Very Low
264.6,35.76,186.9,Very Low
286.1,28.83,169.6,Very Low
743.4,7.02,417.18,Very Low
642.6,7.02,880.84,Very High
919.8,7.02,1057.22,Very High
1197,7.02,1613.81,Very High
1297.8,6.8,1058.27,Very Low
781.2,6.8,973.78,Very High
1272.6,7.02,941.04,Very Low
1146.6,7.02,753.04,Very Low
617.4,7.02,729.81,Very High
1033.2,7.02,1807.09,Low
730.8,6.8,978,Very High
932.4,6.8,771,Very Low
667.8,6.8,1345.55,Low
655.2,7.02,1680.35,Low
743.4,7.02,730.86,Very High
768.6,7.02,765.72,Very High
680.4,7.02,1441.66,Low
667.8,7.02,1058.27,Very High
781.2,6.8,749.87,Very High
982.8,6.8,1161.78,Very High
680.4,6.8,1228.31,Low
730.8,6.8,519.63,Very Low
667.8,7.02,213.34,High
743.4,7.02,390.78,Very Low
919.8,7.02,272.49,High
768.6,7.02,286.22,High
642.6,7.02,336.92,Very Low
617.4,7.02,477.38,Very Low
226.8,7.46,536.53,Low
113.4,13.82,755.15,Moderate
289.8,4.82,126.74,High
289.8,4.82,126.74,High
201.6,6.14,266.15,Very High
390.6,3.51,308.4,Very Low
352.8,9.21,533.36,Very High
415.8,6.8,366.49,Very Low
201.6,16.45,729.81,Low
239.4,6.58,217.57,Very High
289.8,8.11,1298.02,Low
302.4,19.3,270.38,Very High
277.2,6.8,840.7,Low
252,2.41,220.74,Very Low
435.6,3.29,195.39,High
466.2,15.57,961.11,Low
693,2.41,852.32,Very High
604.8,12.94,794.23,Very High
642.6,19.96,212.29,High
201.6,8.33,444.64,Low
277.2,6.8,316.85,Very High
239.4,11.4,308.4,Very High
163.8,9.21,297.84,Low
302.4,7.68,635.81,Low
302.4,7.68,635.81,Low
340.2,5.7,166.87,Very Low
226.8,6.58,1363.5,Moderate
264.6,6.14,1061.44,Low
176.4,9.43,892.46,Moderate
100.8,7.02,1174.45,Moderate
529.2,5.92,325.3,Very Low
390.6,5.7,434.08,Very High
214.2,6.58,178.49,Very Low
529.2,8.33,422.46,Very Low
642.6,10.96,730.86,Very High
415.8,8.55,364.38,Very Low
277.2,6.8,177.43,Very Low
302.4,4.61,322.13,Very High
239.4,6.14,633.7,Low
226.8,7.02,509.07,Low
201.6,4.39,817.47,Low
239.4,7.46,387.61,Very High
289.8,6.8,445.7,Very High
302.4,6.14,532.3,Low
277.2,7.24,2233.78,Moderate
